QRG TX,QRG RX,Call,QTH,Locator,Alt.,Remarks,Status,lat,lon
29.6500,29.5500,HB9HD,Fronalpstock/SZ,JN46HX,1904m,NFM RX>HochYbrig,1,"46.9682706","8.6373811"
29.6800,29.5800,HB9EE,Eglisau,JN47GN,554m,project 2020,0,"47.5733207","8.5239827"
51.8500,51.2500,HB9F,Schilthorn,JN36WN,2970m,FM T186.2,1,"46.5573271","7.8352093"
51.8900,51.2900,HB9EE,Eglisau,JN47GN,554m,project 2020,0,"47.5733207","8.5239827"
51.9300,51.3300,HB9AM,Nütziweid,JN47BG,701m,FM (qrv 2nd 2019),0,"47.2635972","8.0900529"
51.9700,51.3700,HB9NF,Warten,JN47LH,1201m,C4FM* FM T71.9,1,47.3125000,8.9583333
144.5750,432.6750,HB9ID,Hesebool,JN47LN,668m,FM T71.9 2m>70cm,1,47.5625000,8.9583333
144.8250,144.8250,HB9AC,Pfeffingen,JN37TL,390m,EL#235967,1,47.4791667,7.6250000
144.8250,144.8250,HB9AW,Willisau,JN37XC,605m,D-STAR*,1,"47.1215184","7.99659"
144.8250,144.8250,HB9VSD,Verbier,JN36OC,1513m,D-STAR* CCS#84683,2,"46.0967949","7.2285478"
144.8250,144.8250,HB9Z,Forch,JN47HH,638m,C4FM #31931,2,"47.3255509","8.6468061"
144.8250,144.8250,HB9MH,Pregassona,JN46LA,404m,C4FM-Gateway,1,"46.01905","8.9744329"
144.8625,144.8625,HB9OK,Poschiavo,JN56AH,1015m,C4FM/D-STAR/DMR (09/2019),0,"46.3264671","10.0581552"
144.8625,144.8625,HB9UCQ,Tête-de-Ran,JN37KB,1353m,MM D-STAR/DMR/C4FM,1,"47.0542846","6.8537003"
144.8875,144.8875,HB9T,Château-d'Oex,JN47MN,980m,C4FM #31157 (ID HB9HFV),1,47.5625000,9.0416667
144.9250,144.9250,HB9UCQ,La Berra,JN36OQ,1632m,MM D-STAR/DMR/C4FM (2020),0,"46.6760352","7.1839627"
145.2250,145.2250,HB9LC,Le Maillard,JN37JC,1241m,FM 1750 Echo 30s,1,47.1041667,6.7916667
145.2375,145.2375,HB9UCQ,Le Pâquier-M.,JN36MO,734m,D-STAR HB9UCQ_C,1,"46.5950644","7.0527454"
145.2875,145.2875,HB9BS,Gempenfluh,JN37TL,759m,NFM T71.9,1,47.4791667,7.6250000
145.2875,145.2875,HB9BC,Wolfwil,JN37WQ,426m,EL#929173 NFM T71.9,1,47.6875000,7.8750000
145.3375,145.3375,HB9FA,Balsthal,JN37UH,489m,EL#4710 NFM DCS023,1,"47.3140365","7.6947764"
145.3375,145.3375,HB9PE,Rougement,JN36OL,993m,D-STAR*,2,46.4791667,7.2083333
145.3375,145.3375,HB9AK,Zernez,JN56BQ,1475m,EL#983475 NFM T123.0,1,"46.6979839","10.0943311"
145.5750,144.9750,HB9ZRH,Üetliberg,JN47FI,862m,D-STAR CCS#80003,1,"47.3496439","8.4911346"
145.5750,144.9750,HB9PE,Moléson,JN36MN,1973m,NFM/NXDN (project 2016),0,"46.5489446","7.0171352"
145.5750,144.9750,HB9DD,Val Scura TI,JN46MI,1031m,NFM T103.6 <>Tamaro,1,46.3541667,9.0416667
145.5875,144.9875,HB9HD,Oberheid TG,JN47ML,773m,D-STAR CCS#95023,1,47.4791667,9.0416667
145.5875,145.5875,HB9LC,Le Locle,JN37JB,986m,SIMPLEX NOT IARU CONFORM,1,47.0625000,6.7916667
145.5875,144.9875,HB9RD,Châtonnaye,JN36LS,687m,DMR-M #228108 C1,2,"46.752828","6.938321"
145.5875,144.9875,HB9OH,Axalp,JN46AR,1916m,C4FM* (prov. QTH),1,"46.7198508","8.0366206"
145.6000,145.0000,HB9DD,Monte Tamaro,JN46KC,1870m,EL#644556 T103.5 <>Scura,1,"46.1038934","8.8660317"
145.6000,145.0000,HB9LU,Luzern,JN47EB,624m,EL#908271 NFM T71.9,1,47.0625000,8.3750000
145.6000,145.0000,HB9BS,Schönenbuch,JN37SM,396m,NFM T71.9 1750Hz,1,"47.5372962","7.5019867"
145.6000,145.0000,HB9MM,Les Pléiades,JN36KL,1343m,NFM T67.0,1,"46.4820859","6.9092392"
145.6000,145.0000,HB9RW,Parpaner Rothorn,JN46TR,2850m,FM 1750Hz,1,"46.742392","9.5975502"
145.6125,145.0125,HB9BO,Brienzer Rothorn,JN46AS,2285m,D-STAR CCS#43453,1,"46.7871033","8.0469085"
145.6125,145.0612,HB9EE,Eglisau,JN47GN,554m,C4FM NFM T69.3,1,"47.5733207","8.5239827"
145.6250,145.0250,HB9Y,Moosalpe,JN36WG,2123m,NFM T103.5,1,46.2708333,7.8750000
145.6250,145.0250,HB9GE,Genève,JN36BF,449m,EL#4167 NFM T67.0,1,"46.2256509","6.1439209"
145.6250,145.0250,HB9OK,Poschiavo,JN56AH,1087m,C4FM #17731 NFM T103.5,1,"46.3264671","10.0581552"
145.6250,145.0250,HB9OK,San Salvatore,JN45LX,864m,C4FM #18814,1,45.9791667,8.9583333
145.6250,145.0250,HB9ND,Melchnau,JN37WE,572m,NFM T94.8,1,"47.1824376","7.8518093"
145.6375,145.0375,HB9CF,Rigi Scheidegg,JN47GA,1648m,NFM T71.9,1,"47.0274441","8.5195668"
145.6375,145.0375,HB9VSD,Verbier,JN36OC,1513m,MM: NFM DMR NXDN DPMR,1,"46.0967949","7.2285478"
145.6500,145.0500,HB9F,Magglingen,JN37OD,876m,NFM T94.8 DMR* CC1,1,"47.14025","7.215883"
145.6625,145.0625,HB9HAI,Weissfluhgipfel,JN46VT,2806m,C4FM #28878 NFM T141.3,1,46.8125000,9.7916667
145.6625,145.0625,HB9DS,Zofingen,JN37XH,644m,D-STAR CCS#48003,1,47.3125000,7.9583333
145.6875,145.0875,HB9F,Bern-Wankdorf,JN36RX,561m,DMR-B #228311 CC1,1,"46.9599837","7.472708"
145.6875,145.0875,HB9EBS,Laufen,JN37SK,384m,D-STAR CCS#47303,1,"47.4224096","7.5020019"
145.6875,145.0875,HB9BO,Interlaken,JN36WQ,661m,DMR* #228392 CC2,1,"46.6855231","7.8585139"
145.6875,145.0875,HB9DC,Etzel,JN47JE,1092m,C4FM #17598 NFM T77.0,1,"47.1776748","8.7679387"
145.7000,145.1000,HB9F,Schilthorn,JN36WN,2970m,NFM T94.8 APCO-P25,1,"46.5573271","7.8352093"
145.7250,145.1250,HB9G,Poele Chaud,JN36BK,1628m,"NFM ""G""",1,46.4375000,6.1250000
145.7250,145.1250,HB9Z,Wildberg,JN47JK,618m,C4FM #17780 NFM T71.9,1,"47.4269269","8.8166167"
145.7250,145.1500,HB9T,Rothöchi,JN37TA,686m,NFM/C4FM (10/2020),1,"47.0396027","7.6156314"
145.7375,145.1375,HB9FS,Bad Ramsach,JN37WJ,750m,NFM 1750Hz,1,"47.4061826","7.8720113"
145.7375,145.1375,HB9SP,Zürich,JN47GJ,513m,NFM T77.0,1,47.3958333,8.5416667
145.7375,145.1375,HB9RAR,Morlon,JN36MO,785m,D-STAR* CCS#20603,1,46.6041667,7.0416667
145.7500,145.1500,HB9Y,Sex Carro,JN36MD,2091m,NFM 1750Hz,1,"46.1472508","7.0785927"
145.7500,145.1500,HB9BC,Läufelfingen,JN37WJ,846m,EL#208314 T82.5 D-STAR,1,"47.3958161","7.8546951"
145.7625,145.1625,HB9H,Monte Tamaro,JN46KC,1883m,NFM T103.5 & Carrier,1,"46.1038934","8.8660317"
145.7625,145.1625,HB9ZF,Bachtel,JN47KH,946m,NFM T71.9 <>Rigi,1,"47.2941899","8.885733"
145.7625,145.1625,HB9IAC,La Barillette,JN36BK,1514m,D-STAR DCS115A,1,"46.4304853","6.123073"
145.7625,145.1625,HB9GOMS,Reckingen VS,JN46CL,1321m,NFM T71.9,1,"46.4695629","8.2431589"
145.7625,145.1625,HB9Y,Zermatt,JN36VA,1615m,NFM carrier,1,46.0208333,7.7916667
145.7750,145.1750,HB9AG,Lägern,JN47EL,880m,NFM T77.0,1,"47.4816084","8.3820732"
145.7875,145.1875,HB9AW,Twerenegg,JN47AB,903m,D-STAR CCS#61303,1,"47.0658415","8.0120157"
145.7875,145.1875,HB9PE,Château-d'Oeux,JN36MK,1662m,DMR-B #228126 CC1,1,46.4375000,7.0416667
145.7875,145.1875,HB9GR,Weisshorn,JN46TS,2635m,C4FM* #17586 NFM T141.3,2,"46.7895889","9.6387758"
432.6750,144.5750,HB9ID,Hesebool,JN47LN,668m,FM T71.9 70cm>2m,1,47.5625000,8.9583333
432.7375,432.7375,HB9RAR,Morlon,JN36MO,785m,D-STAR*,1,46.6041667,7.0416667
432.7500,432.7500,HB9AW,Sursee,JN47BE,502m,D-STAR*,1,"47.1740371","8.1089654"
432.7750,432.7750,HB9AW,Willisau,JN37XC,605m,D-STAR*,1,"47.1215184","7.99659"
432.8250,432.8250,HB9F,Brienz,JN46AR,693m,EL#258487 FM T94.8,2,"46.7425595","8.0630417"
438.0375,430.4375,HB9BO,Brienzer Rothorn,JN46AS,2285m,APCO-25,1,"46.7871033","8.0469085"
438.1000,438.1000,HB9GL,Eschenbach,JN47LF,480m,C4FM #17263,1,47.2291667,8.9583333
438.1500,438.1500,HB9GL,Riedern GL,JN47MB,493m,C4FM #17093,1,"47.0499479","9.0515165"
438.1500,438.1500,HB9EE,Hüntwangen,JN47FO,396m,project 2020,0,"47.5954244","8.4925331"
438.1750,438.1750,HB9GL,Nuolen,JN47KE,410m,C4FM #17315,1,"47.2036583","8.8876137"
438.2000,430.6000,HB9DR,Wohlen,JN47DI,419m,DMR-I #228501 CC1 SWISS,1,"47.3504945","8.2786906"
438.2000,430.6000,HB9FG,Coffrane,JN37KA,950m,C4FM* (project 2018),0,"47.00904045","6.867723972220008"
438.2125,430.6125,HB9F,Schilthorn,JN36WN,2963m,DMR-B #228302 CC1,1,"46.5573271","7.8352093"
438.2125,430.6125,HB9DC,Männedorf,JN47IG,420m,DMR-B #228802 CC5 testing,2,"47.253174","8.6918153"
438.2125,430.6125,HB9DR,St. Gallen,JN47QK,654m,MM DMR-B/I #228903 CC1,1,"47.4250593","9.3765878"
438.2250,430.6250,HB9BA,Weissenstein,JN37SG,1280m,DMR-B #228402 CC1,1,"47.2531649","7.5080204"
438.2250,430.6250,HB9DR,St. Gallen,JN47QJ,767m,DMR-I #228901 CC2 SWISS,1,47.3958333,9.3750000
438.2250,430.6250,HB9CF,Andermatt,JN46GP,1857m,DMR-B #228612 CC3,1,"46.629718249999996","8.576460663684966"
438.2375,430.6375,HB9BG,Belp,JN36SV,510m,DMR* #228306,1,"46.89058675","7.50967570171648"
438.2375,430.6375,HB9NF,Sternenberg,JN47KJ,885m,C4FM* NFM T71.9,2,"47.3870845","8.9113948"
438.2375,430.6375,HB9NF,Warten,JN47LH,1201m,C4FM* NFM T67.0,1,47.3125000,8.9583333
438.2500,430.6500,HB9ID,St. Iddaburg,JN47LJ,966m,C4FM* NFM T71.9,1,"47.3881814","8.9792522"
438.2500,430.6500,HB9IAP,La Barillette,JN36BK,1514m,DMR-B #228110 CC1,1,"46.4304853","6.123073"
438.2500,430.6500,HB9IPA,Steinhof,JN37UD,554m,C4FM #17765,1,"47.161244","7.68624"
438.2625,430.6625,HB9OH,Brienzwiler,JN46BS,1329m,C4FM #17779 NFM T77.0,1,"46.7501194","8.1021125"
438.2625,430.6625,HB9DR,Chur,JN46SU,589m,DMR-I #228703 CC1 SWISS,1,"46.855515","9.5254066"
438.2625,430.6625,HB9ZF,Uetliberg,JN47FI,824m,DMR-B #228811 CC2,1,"47.3496439","8.4911346"
438.2625,430.6625,HB9DM,Liestal,JN37UL,603m,NXDN-Relais,1,"47.4839723","7.7347783"
438.2625,430.6625,HB9JEZ,St. Gallen,JN47QK,657m,DMR-B #228902 CC1 (inoff),2,"47.4250593","9.3765878"
438.2750,430.6750,HB9CR,Grindel,JN37SJ,593m,C4FM #18712,1,"47.3817049","7.5026184"
438.2875,430.6875,HB9GF,Leidenberg,JN47AD,685m,DMR* NFM T71.9 <>Menzberg,1,"47.1549231","8.0762229"
438.2875,430.6875,HB9GF,Menzberg LU,JN37XA,1027m,DMR/NFM <>Leidenberg,1,"47.0402758","7.9977498"
438.2875,430.6875,HB9EE,Etzgen,JN47BN,384m,C4FM #31504,1,"47.5720309","8.1108566"
438.3000,430.7000,HB9AR,Genève,JN36BE,421m,D-STAR CCS#41812,1,"46.2017559","6.1466014"
438.3000,430.7000,HB9GR,Chur,JN46SU,580m,C4FM #17586 NFM T141.3,1,"46.855515","9.5254066"
438.3125,430.7125,HB9DC,Etzel,JN47JE,1092m,DMR-B #228808 C5,1,"47.1776748","8.7679387"
438.3125,430.7125,HB9CSR,Laufen,JN37SK,384m,DMR-B #228410 CC1,1,"47.4224096","7.5020019"
438.3125,430.7125,HB9VD,Middes,JN36LS,673m,D-STAR* HB9VD__A,1,"46.7680947","6.9491864"
438.3250,430.7250,HB9BG,Falkenfluh,JN36UT,1035m,DMR* #228307,1,46.8125000,7.7083333
438.3250,430.7250,HB9F,Ringgenberg,JN36WQ,590m,MM D-STAR/APCO/DMR/NFM,1,"46.7044135","7.8960911"
438.3250,430.7250,HB9DM,Läufelfingen,JN37WJ,845m,DMR-B #228414 CC2,1,"47.3958161","7.8546951"
438.3375,430.7375,HB9DC,Etzel,JN47JE,1092m,MM DMR P25$293 NFM T77.0,1,"47.1776748","8.7679387"
438.3375,430.7375,HB9VD,Le Chasseron,JN36GU,1570m,DMR-B #228125 CC1,1,"46.8518295","6.5379796"
438.3500,430.7500,HB9EAS,Nenzlingen,JN37SK,652m,DMR-B #228406 CC1,1,"47.4477386","7.5621906"
438.3625,430.7625,HB9SG,Hoher Kasten,JN47RG,1773m,DMR-B #229904 CC1,1,"47.2834897","9.4851111"
438.3625,430.7625,HB9AK,Kloten,JN47GK,438m,DMR-B #228819 CC8 local,1,"47.4481167","8.5830945"
438.3625,430.7625,HB9KK,Münsingen,JN36SU,596m,C4FM #17381 (inoff),2,"46.8739775","7.5631943"
438.3750,431.1375,HB9DR,Rheineck,JN47TL,450m,C4FM,1,"47.4706336","9.584108"
438.3750,430.7750,HB9UCQ,Le Pâquier-M.,JN36MO,734m,D-STAR/DMR-B #228131/C4FM,1,"46.5950644","7.0527454"
438.3750,430.7750,HB9NFB,Gempen,JN37TL,755m,DMR*,1,"47.4744704","7.660411082807633"
438.3875,430.7875,HB9ZG,Rigi-Scheidegg,JN47GA,1654m,C4FM #18754 NFM T71.9,1,"47.0274441","8.5195668"
438.3875,430.7875,HB9DM,Langenbruck,JN37VI,704m,DMR-B #228409 CC1,1,"47.3498274","7.7681007"
438.3875,430.7875,HB9DM,Läufelfingen,JN37WJ,845m,DMR-B #228412 CC2 dummy,2,"47.3958161","7.8546951"
438.4000,430.8000,HB9LU,Luzern,JN47CA,939m,C4FM #17119 NFM T71.9,1,47.0208333,8.2083333
438.4000,430.8000,HB9AK,Schleitheim SH,JN47FR,559m,EL#326020 NFM T88.5,1,"47.7488818","8.4845902"
438.4125,430.8125,HB9W,Brütten,JN47IL,610m,C4FM #34126 NFM T88.5,1,"47.4731491","8.6753241"
438.4125,430.8125,HB9EAS,Rheinfelden,JN37VN,278m,DMR-B #228411 CC1,1,"47.5543859","7.7922905"
438.4250,430.8250,HB9DA,Schmiedrued/AG,JN47BG,701m,C4FM #17097 NFM T71.9,1,"47.270044","8.103455"
438.4250,430.8250,HB9AS,La Berneuse,JN36MI,2030m,DMR-B #228128 CC1,1,"46.3597739","7.0017835"
438.4375,430.8375,HB9DD,Castel S. Pietro,JN45MV,967m,DMR-B #228605 CC1,2,45.8958333,9.0416667
438.4375,430.8375,HB9DM,Liestal,JN37UL,602m,DMR-B #228404 CC1,1,"47.4839723","7.7347783"
438.4375,430.8375,HB9DD,Val Scura,JN46LI,1031m,DMR-B #228604 CC1,1,"46.3353943","8.990886"
438.4375,430.8375,HB9FB,Scheidegg,JN47LH,1187m,C4FM* NFM T71.9,1,"47.3034079","8.9438787"
438.4375,430.8375,HB9DD,Costa Piana,JN46HH,1872m,DMR-B #228619 CC2,1,46.3125000,8.6250000
438.4500,430.8500,HB0FL,Gaflei,JN47SD,1483m,C4FM #17827,1,"47.1422814","9.5447613"
438.4500,430.8500,HB9FG,Coffrane,JN37KA,950m,DMR-B #228201 CC1,1,"47.00904045","6.867723972220008"
438.4500,430.8500,HB9FX,Zofingen,JN37XH,644m,DMR-B #228403 CC2,1,47.3125000,7.9583333
438.4500,430.8500,HB9OK,Poschiavo,JN56AH,1087m,DMR-I #228707 CC1 SWISS,1,"46.3264671","10.0581552"
438.4625,430.8625,HB9DD,Monte Tamaro,JN46KC,1870m,DMR-B #228602 CC1,1,"46.1038934","8.8660317"
438.4625,430.8625,HB9F,Schilthorn,JN36WN,2963m,DMR GWFN,1,"46.5573271","7.8352093"
438.4625,430.8625,HB9F,Seftigen,JN36SS,567m,DMR GWFN,1,"46.7887815","7.5396362"
438.4625,430.8625,HB9F,Brienzer Rothorn,JN46AS,2285m,DMR GWFN,1,"46.7871033","8.0469085"
438.4625,430.8625,HB9F,Bern (City),JN36RW,568m,DMR GWFN,1,"46.9472071","7.4398352"
438.4625,430.8625,HB9F,Ringgenberg,JN36WQ,590m,DMR GWFN,1,"46.7044135","7.8960911"
438.4625,430.8625,HB9F,Münchenbuchsee,JN37RA,583m,DMR GWFN,1,"47.0213315","7.4519196"
438.4625,430.8625,HB9F,Brienz,JN46AR,693m,DMR GWFN,1,"46.7425595","8.0630417"
438.4750,430.8750,HB4FV,Premier VD,JN36FQ,888m,C4FM #17062,1,"46.7047978","6.444282"
438.4750,430.8750,HB9SP,Siblinger Randen,JN47GR,840m,DMR-I #228812 CC5 SWISS,1,"47.726848000000004","8.536442741961391"
438.4875,430.8875,HB9DD,Monte Generoso,JN45MV,1213m,DMR-B #228601 CC1,1,"45.9075648","9.0026209"
438.4875,430.8875,HB9DD,Poschiavo,JN56AH,1011m,DMR-B #228701 CC1,1,"46.3264671","10.0581552"
438.4875,430.8875,HB9NA,Mellingen,JN47DJ,356m,C4FM #31707 NFM T74.4,1,47.3958333,8.2916667
438.4875,430.8875,HB9DR,St. Gallen,JN47QK,654m,C4FM #18835,1,"47.4250593","9.3765878"
438.4875,430.8875,HB9DD,Airolo,JN46HM,2044m,DMR-B #228603 CC1,1,"46.5290309","8.6086045"
438.5000,430.9000,HB9DR,Wädenswil,JN47HF,501m,DMR-I #228891 CC2 SWISS,1,"47.2303608","8.6336119"
438.5000,430.9000,HB9ND,Melchnau,JN37WE,572m,NFM T94.8 <>HB9BA,1,"47.1824376","7.8518093"
438.5125,430.9125,HB9DD,San Bernardino,JN46OK,1613m,DMR-B #228607 CC1,1,46.4375000,9.2083333
438.5125,430.9125,HB9NFB,Reinach,JN37TL,303m,DMR*,1,"47.4935369","7.5910891"
438.5250,430.9250,HB9LC,LaChaux-de-Fonds,JN37JB,1098m,DMR-B #228202 CC1 MM,1,47.0625000,6.7916667
438.5500,430.9500,HB9GE,Meyrin,JN36AF,430m,DMR-B #228102 CC1,1,"46.2283226","6.0712016"
438.5500,430.9500,HB9CSR,Basel,JN37TN,281m,DMR#228405-CC1/C4FM#34156,1,"47.5581077","7.5878261"
438.5625,430.9625,HB9RD,Châtonnaye,JN36LS,687m,DMR-I #228104 CC1 FRANCE,1,"46.752828","6.938321"
438.5625,430.9625,HB9VSD,Verbier,JN36OC,1513m,Multimode NFM T67.0,1,"46.0967949","7.2285478"
438.5750,430.9750,HB9EAS,Basel,JN37TM,352m,DMR-B #228401 CC1,1,47.5208333,7.6250000
438.5750,430.9750,HB9DC,Männedorf,JN47IG,420m,DMR-I #228803 CC5 SWISS,1,"47.253174","8.6918153"
438.5750,430.9750,HB9DC,Männedorf,JN47IG,0m,DMR-B #228815 CC5,1,"47.253174","8.6918153"
438.5875,430.9875,HB9F,Bern (City),JN36RW,568m,DMR-B #228305 CC1,1,"46.9472071","7.4398352"
438.6000,431.0000,HB9AK,Hörnli,JN47LI,1126m,DMR-B #228809 CC1,1,"47.3709154","8.9417721"
438.6125,431.0125,HB9BG,Falkenfluh,JN36UT,1035m,C4FM #17549 DCS023,1,46.8125000,7.7083333
438.6250,431.0250,HB9BSL,Liestal,JN37UL,452m,C4FM #31448 NFM T71.9,1,"47.4839723","7.7347783"
438.6250,431.0250,HB9LU,Luzern,JN47DB,683m,DMR-B #228613 CC1,1,"47.0505452","8.3054682"
438.6500,431.0500,HB9UF,Uetliberg,JN47FI,870m,C4FM #17098 FM T71.9,1,"47.3496439","8.4911346"
438.6500,431.0500,HB9Y,Roc Blanc,JN36MC,1701m,EL#66814 +C4FM*,1,46.1041667,7.0416667
438.6625,431.0625,HB9RD,Châtonnaye,JN36LS,687m,DMR-B #228112 CC1,1,"46.752828","6.938321"
438.6750,431.0750,HB9ZG,Hünenberg ZG,JN47FE,471m,EL#81765 T71.9 <>Affolt.,1,"47.1751834","8.4259648"
438.6750,431.0750,HB9UHF,Muttenz,JN37TM,285m,"EL#438675 FM T71.9 ""M""",1,"47.525113","7.6477401"
438.6750,431.0750,HB9EI,Monte Bar TI,JN46MC,1816m,EL#415650 FM T103.5,1,"46.1077522","9.0118115"
438.6750,431.0750,HB9Y,Moosalpe,JN36WG,2123m,EL#68050 FM T103.5,1,46.2708333,7.8750000
438.6750,431.0750,HB9GE,Genève,JN36BF,449m,DMR-B #228101 CC1,1,"46.2256509","6.1439209"
438.6750,431.0750,HB9DR,St. Gallen,JN47QJ,767m,D-STAR* CCS#90062,1,47.3958333,9.3750000
438.6750,431.0750,HB9DR,Rheineck,JN47IL,450m,DMR-I #228905 CC1 SWISS,1,47.4791667,8.7083333
438.7000,431.1000,HB9BA,Weissenstein,JN37SG,1280m,FM T123.0 1750Hz <>HB9ND,1,"47.2531649","7.5080204"
438.7250,431.1250,HB9XC,Chasseral,JN37MD,1595m,FM T67.0 1750Hz,1,"47.132993","7.0592994"
438.7250,431.1250,HB9EE,Eglisau,JN47GN,554m,FM T69.3 C4FM* local,1,"47.5733207","8.5239827"
438.7375,431.1375,HB9RAR,Morlon,JN36MO,785m,DMR-I #228105 CC1 FRANCE,1,46.6041667,7.0416667
438.7500,431.1500,HB9UF,Säntis,JN47QF,2502m,"C4FM* FM T71.9 ""S""",1,"47.2491613","9.3432219"
438.7750,431.1750,HB9FS,Sissacherflue,JN37VL,701m,FM 1750Hz,1,47.4791667,7.7916667
438.7750,431.1750,HB9RL,Cimetta,JN46JE,1633m,C4FM #17313 FM T103.5,1,"46.2008368","8.7910222"
438.7750,431.1750,HB9CF,Seelisberg UR,JN46GW,1288m,FM 1750Hz,1,"46.9416506","8.5568652"
438.8000,431.2000,HB9UF,Pilatus,JN46DX,2120m,"EL#40107 FM T71.9 ""P""",1,46.9791667,8.2916667
438.8250,431.2250,HB9CF,Rigi Scheidegg,JN47GA,1648m,EL#37913 T71.9 <>Bachtel,1,"47.0274441","8.5195668"
438.8500,431.2500,HB9MM,La Praz,JN36FQ,887m,FM 1750Hz,1,"46.6675257","6.4272029"
438.8750,431.2750,HB9LU,Luzern,JN47EB,624m,FM T71.9,1,47.0625000,8.3750000
438.9250,431.3250,HB9F,Bern-Wankdorf,JN36RX,561m,C4FM #17882 FM T94.8,1,"46.9599837","7.472708"
438.9250,431.3250,HB9HD,Oberheid,JN47ML,771m,FM T71.9,1,47.4791667,9.0416667
438.9500,431.3500,HB9AG,Strihen,JN47AK,850m,EL#48950 FM T77.0,1,"47.4494168","8.0368209"
438.9750,431.3750,HB9F,Interlaken,JN36WQ,661m,NFM T94.8,1,"46.6855231","7.8585139"
438.9750,431.3750,HB9GL,Mollis Fronalp,JN47NB,1382m,EL#41140 T71.9 <>Zürich,1,"47.0741426","9.0945366"
439.0000,431.4000,HB9FG,Le Gibloux,JN36MQ,1201m,FM T67.0,1,"46.6841642","7.0402724"
439.0000,431.4000,HB9SP,Zürich,JN47GJ,513m,DMR-I #228804 CC5 SWISS,1,47.3958333,8.5416667
439.0250,431.4250,HB9FS,Basel,JN37TN,250m,FM 1750Hz,1,"47.5581077","7.5878261"
439.0250,431.4250,HB9BB,Buchserberg,JN47RD,1411m,EL#263037 FM T141.3,1,"47.1531328","9.4433907"
439.0250,431.4250,HB9SH,Schaffhausen,JN47IR,515m,FM 1750Hz,1,47.7291667,8.7083333
439.0250,431.4250,HB9AS,La Berneuse,JN36MI,2032m,EL#423775 FM T67.0,1,"46.3597739","7.0017835"
439.0250,431.4250,HB9PFI,Grindelwald,JN46AO,1391m,FM T94.8,1,"46.6242733","8.0367462"
439.0250,431.4250,HB9T,Thun,JN36SS,656m,C4FM #31830 FM T94.8,1,46.7708333,7.5416667
439.0500,431.4500,HB9F,Niesen,JN36TP,2364m,NFM T94.8,1,"46.6461936","7.6523674"
439.0500,431.4500,HB9CF,Andermatt,JN46GP,1850m,EL#37913 T71.9 <>Bachtel,1,"46.629718249999996","8.576460663684966"
439.0500,431.4500,HB9OK,Monti di Malmera,JN46ME,744m,C4FM #18814 T1750,1,46.1875000,9.0416667
439.0500,431.4500,HB9OK,Poschiavo,JN56AH,1015m,DMR #228709 CC1 C4FM,1,"46.3264671","10.0581552"
439.0750,431.4750,HB9HB,Unt.Grenchenberg,JN37QF,1375m,FM T88.5,1,47.2291667,7.3750000
439.0750,431.4750,HB9DC,Etzel,JN47JE,1092m,DMR-I #228801 CC5 SWISS,1,"47.1776748","8.7679387"
439.1000,431.5000,HB9G,Petit Lancy,JN36BE,450m,NFM,1,"46.1909747","6.1200687"
439.1000,431.5000,HB9ZF,Bachtel,JN47KH,946m,DMR-B #228807 CC1,1,"47.2941899","8.885733"
439.1250,431.5250,HB9FM,Basel,JN37SM,352m,FM T71.9,1,47.5208333,7.5416667
439.1250,431.5250,HB9AW,Twerenegg,JN47AB,903m,D-STAR CCS#61302,1,"47.0658415","8.0120157"
439.1500,431.5500,HB9UF,Winterthur,JN47IL,502m,"FM T88.5 ""W""",1,"47.4991723","8.7291498"
439.1500,431.5500,HB9UHF,Vairano,JN46JD,673m,EL#439150 FM T71.9,1,"46.1318865","8.8120079"
439.1500,431.5500,HB9UF,Zofingen,JN37XH,644m,EL#612317 FM T71.9,1,47.3125000,7.9583333
439.1500,431.5500,HB9F,Ringgenberg,JN36WQ,590m,MM FM/D-STAR/APCO/DMR,1,"46.7044135","7.8960911"
439.2000,431.6000,HB9AE,Lutry,JN36IM,750m,DMR-B #228103 CC1,1,"46.5032766","6.6867879"
439.2000,431.6000,HB9T,Trubschachen,JN36VV,1026m,C4FM #31927 FM T100.0,1,46.8958333,7.7916667
439.2000,431.6000,HB9HORU,Zermatt VS,JN36UA,1627m,C4FM #34205 T94.8 <>HB9T,1,"46.0222273","7.7494002"
439.2250,431.6250,HB9ZO,Gossau,JN47JH,500m,FM T71.9,1,"47.2929081","8.7771094"
439.2250,431.6250,HB9VD,Le Chasseron,JN36GU,1570m,EL#7336 FM T67.0,1,"46.8518295","6.5379796"
439.2500,431.6500,HB9FS,Bad Ramsach,JN37WJ,750m,FM 1750Hz,1,"47.4061826","7.8720113"
439.2500,431.6500,HB9AW,Willisau,JN37XB,799m,EL#6879 FM T71.9,1,47.0625000,7.9583333
439.2500,431.6500,HB4FL,L'Aiguille,JN36MF,1436m,DMR-B #228118 CC2,1,46.2291667,7.0416667
439.2750,431.6750,HB9HD,Fronalpstock/SZ,JN46HX,1904m,FM T71.9 <>10m,1,"46.9682706","8.6373811"
439.2750,431.6750,HB9GE,Genève,JN36BF,449m,DMR-B #228117 CC1,2,"46.2256509","6.1439209"
439.2750,431.6750,HB9TF,Muottas Muragl,JN46WM,2424m,C4FM #37857 NFM T141.3,1,"46.5219617","9.9028587"
439.3000,431.7000,HB9T,Niederhorn,JN36VR,1960m,EL#496706 T94.8 C4#34119,1,"46.7117062","7.7770938"
439.3000,431.7000,HB9SP,Zürich,JN47GJ,513m,APCO-P25 NAC$293 FM T77.0,1,47.3958333,8.5416667
439.3250,431.7250,HB9BS,Gempenfluh,JN37TL,759m,FM T71.9 1750Hz I *70/71,1,47.4791667,7.6250000
439.3375,439.3375,HB9PE,Château-d'Oex,JN36MK,1662m,SIMPLEX NOT IARU CONFORM,2,46.4375000,7.0416667
439.3500,431.7500,HB9HAI,Weissfluhgipfel,JN46VT,2806m,EL#83400 NF T141.3,1,46.8125000,9.7916667
439.3500,431.7500,HB9ZG,Affoltern a.A.,JN47FG,554m,NFM T103.5 <>Hünenberg,1,"47.2782467","8.4521518"
439.3750,431.7750,HB9XC,Loveresse,JN37OG,1221m,FM T67.0,1,"47.2501674","7.2319324"
439.3750,431.7750,HB9GL,Zürich,JN47FI,823m,EL#41140 T71.9 <>Mollis,1,47.3541667,8.4583333
439.4000,431.8000,HB9ZF,Bachtel,JN47KH,946m,EL#37913 T71.9 <>HB9CF,1,"47.2941899","8.885733"
439.4000,431.8000,HB9GOMS,Reckingen VS,JN46CL,1321m,EL#507099 FM T71.9,1,"46.4695629","8.2431589"
439.4000,431.8000,HB9BR,Lutry,JN36IM,750m,FM T67.0,1,"46.5032766","6.6867879"
439.4125,431.8125,HB9BO,Niesen,JN36TP,2364m,DMR-B #228312 CC2,1,"46.6461936","7.6523674"
439.4250,431.8250,HB9GE,Genève,JN36BF,449m,EL#4167 FM T67.0,1,"46.2256509","6.1439209"
439.4250,431.8250,HB9GR,Valens,JN46RX,917m,MM DMR #228705 CC4 T141.3,1,"46.969373","9.4817696"
439.4375,431.8375,HB9PE,Moléson,JN36MN,1973m,DMR-B #228129 CC2,1,"46.5489446","7.0171352"
439.4375,431.8375,HB9TG,Wetzikon TG,JN47MM,607m,DMR-B #228814 CC1,1,"47.5383616","9.0014473"
439.4500,431.8500,HB9BG,Belp,JN36SV,510m,EL#276406 NFM T88.5,1,"46.89058675","7.50967570171648"
439.4500,431.8500,HB9RL,Locarno,JN46JE,1671m,D-STAR CCS#47572,2,"46.1695112","8.7954217"
439.4500,431.8500,HB9W,Winterthur,JN47IL,502m,D-STAR CCS#84002,1,"47.4991723","8.7291498"
439.4500,431.8500,HB9OK,Viano,JN56BG,1266m,DMR-B #228708 CC1,1,"46.2535313","10.1387863"
439.4500,431.8500,HB9Y,Vollèges VS,JN36OC,814m,DMR-B #228314 CC3,1,"46.0880053","7.1697258"
439.4625,431.8625,HB9ZG,Rigi Scheidegg,JN47GA,1654m,D-STAR CCS#63002 B,1,"47.0274441","8.5195668"
439.4750,431.8750,HB9HAI,Weissfluhgipfel,JN46VU,2806m,DMR-I #228702 CC7 SWISS,1,"46.83463","9.7947572"
439.4750,431.8750,HB9F,Schilthorn,JN36WN,2963m,DMR GWFN,1,"46.5573271","7.8352093"
439.4750,431.8750,HB9F,Brienzer Rothorn,JN46AS,2285m,DMR GWFN,1,"46.7871033","8.0469085"
439.4750,431.8750,HB9F,Bern (City),JN36RW,568m,DMR GWFN,1,"46.9472071","7.4398352"
439.4750,431.8750,HB9F,Ringgenberg,JN36WQ,590m,DMR GWFN,1,"46.7044135","7.8960911"
439.4750,431.8750,HB9F,Münchenbuchsee,JN37RA,583m,DMR GWFN,1,"47.0213315","7.4519196"
439.4750,431.8750,HB9F,Brienz,JN46AR,693m,DMR GWFN,1,"46.7425595","8.0630417"
439.4750,431.8750,HB9F,Seftigen,JN36SS,567m,DMR GWFN,1,"46.7887815","7.5396362"
439.4875,431.8875,HB9Y,Oberwald VS,JN46EM,1770m,DMR-B #228316 CC3,1,"46.5328571","8.3520502"
439.4875,431.9875,HB9DD,Monte Generoso,JN45MW,1603m,NFM T103.5 !special Shift,1,"45.9312707","9.0199058"
439.5000,431.9000,HB9F,Brienzer Rothorn,JN46AS,2285m,DMR-B #228301 CC1,1,"46.7871033","8.0469085"
439.5000,431.9000,HB9Y,Zermatt,JN36VA,1618m,DMR-B #228315 CC3,1,46.0208333,7.7916667
439.5125,431.9125,HB9VD,Le Chasseron,JN36GU,1570m,D-STAR CCS#26342,1,"46.8518295","6.5379796"
439.5125,431.9125,HB9DS,Grosswangen,JN47AD,544m,DMR-B/I #228693 CC1 SWISS,1,"47.1322635","8.0491183"
439.5250,431.9250,HB9BO,Brienzer Rothorn,JN46AS,2285m,D-STAR CCS#43452,1,"46.7871033","8.0469085"
439.5250,431.9250,HB9Y,Sion,JN36QF,485m,DMR-B #228127 CC3,2,"46.23021515","7.363705184783203"
439.5375,431.9375,HB9EAS,Pfeffingen,JN37TK,426m,DMR-B #228413 CC2 MM test,1,"47.4579858","7.589006"
439.5375,431.9375,HB9ZG,Rigi Scheidegg,JN47GA,1654m,DMR-B #228620 CC1,1,"47.0274441","8.5195668"
439.5375,431.9375,HB9VSD,Verbier,JN36OC,1513m,DMR-B #228111 CC2,1,"46.0967949","7.2285478"
439.5375,431.9375,HB9EAS,Binningen BL,JN37SM,362m,Multimode ->2018,0,"47.53656","7.570077"
439.5375,431.9375,HB9H,San Bernardino,JN46OK,1883m,D-STAR HB9H_B,1,46.4375000,9.2083333
439.5625,431.9625,HB9BO,Interlaken,JN36WQ,733m,DMR-I #228300 CC1,1,"46.6855231","7.8585139"
439.5625,431.9625,HB9OK,Piz Nair,JN46VM,3024m,DMR-B #228704 CC1,1,"46.5063091","9.7873706"
439.5625,431.9625,HB9DR,Hinterrhein,JN46PM,1714m,DMR-B #228706 CC2,2,46.5208333,9.2916667
439.5625,431.5625,HB9MM,Les Pléiades,JN36KL,1343m,DMR-B #228122 CC1,1,"46.4820859","6.9092392"
439.5625,431.5625,HB9MM,Les Pléiades,JN36KL,1343m,NFM T67.0,1,"46.4820859","6.9092392"
439.5625,431.9625,HB9TF,Zürich,JN47GJ,569m,C4FM #34083 NFM T91.5,1,47.3958333,8.5416667
439.5750,431.9750,HB9LU,Luzern,JN47DB,683m,D-STAR CCS#60002,1,"47.0505452","8.3054682"
439.5750,431.9750,HB9TG,Sulgen,JN47OM,456m,DMR-B #228816 CC1,1,"47.5388525","9.1836253"
439.5750,431.9750,HB9Y,Moosalp,JN36WG,2123m,DMR-B #228313 CC3,1,46.2708333,7.8750000
439.5875,431.9875,HB9IAC,La Barillette,JN36BK,1514m,C4FM StarNet DCS115A,1,"46.4304853","6.123073"
439.5875,431.9875,HB9SG,Inzenberg,JN47OJ,868m,C4FM* NFM T71.9,1,"47.3849263","9.1867388"
439.5875,431.9875,HB9DS,Ruswil,JN47B?,0m,DMR. project 2020,0,46.9375000,8.1250000
439.6625,432.0625,HB9PE,Château-d'Oeux,JN36MK,1662m,DMR !NOT IARU CONFORM!,1,46.4375000,7.0416667
1258.1500,1293.1500,HB9FX,Zofingen,JN37XH,644m,FM Carrier 3s,1,47.3125000,7.9583333
1258.3000,1293.3000,HB9UF,Uetliberg,JN47FI,870m,FM 1750Hz,1,"47.3496439","8.4911346"
1258.7500,1293.7500,HB9BA,Weissenstein,JN37SG,1280m,FM 1750Hz,1,"47.2531649","7.5080204"
1258.8000,1293.8000,HB9BO,Brienzer Rothorn,JN46AS,2285m,D-STAR CCS#43451,1,"46.7871033","8.0469085"
1258.9000,1293.9000,HB9F,Jungfraujoch,JN36XN,3574m,FM Carrier,1,"46.5471693","7.9781158"
1259.1750,1294.1750,HB9SH,Lohn,JN47IR,625m,FM Carrier,1,47.7291667,8.7083333
1260.3000,1293.3000,HB9UF,Uetliberg,JN47FI,870m,FM Carrier,1,"47.3496439","8.4911346"
1297.1000,1273.1000,HB9DD,Monte Generoso,JN45MW,1603m,FM,1,"45.9312707","9.0199058"
1297.5000,1269.5000,HB9EE,Eglisau,JN47GN,554m,project 2020,0,"47.5733207","8.5239827"
1298.2250,1270.2250,HB9CC,Hohe Buche,JN47RK,1141m,FM Carrier,1,47.4375000,9.4583333
1298.2750,1270.2750,HB9AM,Chestenberg,JN47CK,630m,"FM, qrv 2nd 2019",0,"47.4255013","8.1943996"
1298.3250,1270.3250,HB9FS,Basel,JN37TN,275m,FM,1,"47.5581077","7.5878261"
1298.5000,1270.5000,HB9FM,Basel,JN37SM,362m,FM,1,47.5208333,7.5416667
1298.7000,1270.7000,HB9NF,Warten,JN47LH,1205m,FM (qrv 07/2019),0,47.3125000,8.9583333
